comparison_type,condition,metric,class,channel,band,group_a,group_b,n,median_a,median_b,median_diff,statistic,effect_rrb,p_raw,p_fdr,significant
ME_vs_MI,ME_vs_MI,auc,elbow_extension,C1,alpha,ME,MI,4,1.8399247891244626,1.824200075687996,-0.07959749229249458,3.0,-0.4,0.625,0.703125,False
ME_vs_MI,ME_vs_MI,auc,elbow_flexion,C1,alpha,ME,MI,4,1.6641444916035677,1.9084984620301595,-0.2443539704265918,1.0,-0.8,0.25,0.703125,False
ME_vs_MI,ME_vs_MI,auc,hand_close,C1,alpha,ME,MI,4,1.6162271927047644,2.1387964503185564,-0.5225692576137919,1.0,-0.8,0.25,0.703125,False
ME_vs_MI,ME_vs_MI,auc,hand_open,C1,alpha,ME,MI,4,1.585452361121621,2.00008920165407,-0.41463684053244887,1.0,-0.8,0.25,0.703125,False
ME_vs_MI,ME_vs_MI,auc,movement,C1,alpha,ME,MI,4,1.6526066572063636,1.9678960474226954,-0.31528939021633184,1.0,-0.8,0.25,0.703125,False
ME_vs_MI,ME_vs_MI,auc,rest,C1,alpha,ME,MI,4,2.456384783294778,2.1245047081225166,0.41809530794212135,2.0,0.6,0.375,0.703125,False
ME_vs_MI,ME_vs_MI,auc,elbow_extension,C4,alpha,ME,MI,4,2.1906510215967336,2.4549081556722765,-0.35146734617563746,2.0,-0.6,0.375,0.703125,False
ME_vs_MI,ME_vs_MI,auc,elbow_flexion,C4,alpha,ME,MI,4,2.404234368025394,2.3898665583480496,-0.14076491165916738,3.0,-0.4,0.625,0.703125,False
ME_vs_MI,ME_vs_MI,auc,hand_close,C4,alpha,ME,MI,4,2.2425503439007066,2.816918978702373,-0.5743686348016668,2.0,-0.6,0.375,0.703125,False
ME_vs_MI,ME_vs_MI,auc,hand_open,C4,alpha,ME,MI,4,2.0893233016864454,2.34338267493938,-0.4541848693841093,2.0,-0.6,0.375,0.703125,False
ME_vs_MI,ME_vs_MI,auc,movement,C4,alpha,ME,MI,4,2.2094681307426027,2.4972331765344746,-0.38019644050514523,2.0,-0.6,0.375,0.703125,False
ME_vs_MI,ME_vs_MI,auc,rest,C4,alpha,ME,MI,4,3.336402705247057,2.535165429919121,0.6279306925358783,1.0,0.8,0.25,0.703125,False
ME_vs_MI,ME_vs_MI,auc,elbow_extension,Cz,alpha,ME,MI,4,3.036700835635591,3.441262178934857,-0.40456134329926585,1.0,-0.8,0.25,0.703125,False
ME_vs_MI,ME_vs_MI,auc,elbow_flexion,Cz,alpha,ME,MI,4,2.8544840422020012,3.494705813390876,-0.6402217711888749,0.0,-1.0,0.125,0.703125,False
ME_vs_MI,ME_vs_MI,auc,hand_close,Cz,alpha,ME,MI,4,2.9353605558700497,3.466100299637639,-0.4931735528837682,0.0,-1.0,0.125,0.703125,False
ME_vs_MI,ME_vs_MI,auc,hand_open,Cz,alpha,ME,MI,4,2.7068844763343605,3.4907426353252804,-0.4580641277372426,0.0,-1.0,0.125,0.703125,False
ME_vs_MI,ME_vs_MI,auc,movement,Cz,alpha,ME,MI,4,2.8833574775105006,3.473202731822163,-0.5898452543116623,0.0,-1.0,0.125,0.703125,False
ME_vs_MI,ME_vs_MI,auc,rest,Cz,alpha,ME,MI,4,4.194623849158666,3.8897129504991916,0.3609845312630831,3.0,0.4,0.625,0.703125,False
ME_vs_MI,ME_vs_MI,auc,elbow_extension,C1,beta,ME,MI,4,3.023048113374971,3.246364132834226,-0.39999780906316884,3.0,-0.4,0.625,0.703125,False
ME_vs_MI,ME_vs_MI,auc,elbow_flexion,C1,beta,ME,MI,4,2.981106502318613,3.270622110465962,-0.5019872425646614,3.0,-0.4,0.625,0.703125,False
ME_vs_MI,ME_vs_MI,auc,hand_close,C1,beta,ME,MI,4,3.180310216746909,3.295622599804064,-0.3955311501313298,3.0,-0.4,0.625,0.703125,False
ME_vs_MI,ME_vs_MI,auc,hand_open,C1,beta,ME,MI,4,2.8977986677772556,3.326872164530976,-0.5399032365725709,2.0,-0.6,0.375,0.703125,False
ME_vs_MI,ME_vs_MI,auc,movement,C1,beta,ME,MI,4,3.0205658750544373,3.284870251908807,-0.45935485958293254,3.0,-0.4,0.625,0.703125,False
ME_vs_MI,ME_vs_MI,auc,rest,C1,beta,ME,MI,4,4.812228333226836,3.8809153518595205,-0.0150286349226596,5.0,0.0,1.0,1.0,False
ME_vs_MI,ME_vs_MI,auc,elbow_extension,C4,beta,ME,MI,4,4.547367788678889,5.194987924368375,-0.7736634539624102,3.0,-0.4,0.625,0.703125,False
ME_vs_MI,ME_vs_MI,auc,elbow_flexion,C4,beta,ME,MI,4,4.814086921034477,4.927058553087491,-0.37417658651805763,3.0,-0.4,0.625,0.703125,False
ME_vs_MI,ME_vs_MI,auc,hand_close,C4,beta,ME,MI,4,5.0182336767400315,4.713244205915386,0.08344683381375795,4.0,0.2,0.875,0.9,False
ME_vs_MI,ME_vs_MI,auc,hand_open,C4,beta,ME,MI,4,4.733536686014981,4.777849353138787,-0.2480067204759765,2.0,-0.6,0.375,0.703125,False
ME_vs_MI,ME_vs_MI,auc,movement,C4,beta,ME,MI,4,4.7783062681170945,4.90328500912751,-0.3280999817856717,3.0,-0.4,0.625,0.703125,False
ME_vs_MI,ME_vs_MI,auc,rest,C4,beta,ME,MI,4,6.269745063802366,5.380390937879593,0.13581000531563125,3.0,0.4,0.625,0.703125,False
ME_vs_MI,ME_vs_MI,auc,elbow_extension,Cz,beta,ME,MI,4,4.970747283760409,5.672181130640005,-0.6044085679199128,3.0,-0.4,0.625,0.703125,False
ME_vs_MI,ME_vs_MI,auc,elbow_flexion,Cz,beta,ME,MI,4,4.957833439693213,5.487108701685171,-0.264387190127963,4.0,-0.2,0.875,0.9,False
ME_vs_MI,ME_vs_MI,auc,hand_close,Cz,beta,ME,MI,4,5.184395139319662,5.861451342560459,-0.24827964618356996,4.0,-0.2,0.875,0.9,False
ME_vs_MI,ME_vs_MI,auc,hand_open,Cz,beta,ME,MI,4,4.4916363100674355,6.029647554092792,-0.6785770584049351,2.0,-0.6,0.375,0.703125,False
ME_vs_MI,ME_vs_MI,auc,movement,Cz,beta,ME,MI,4,4.90115304321018,5.7625971822446065,-0.44891311565909475,3.0,-0.4,0.625,0.703125,False
ME_vs_MI,ME_vs_MI,auc,rest,Cz,beta,ME,MI,4,6.337943939088736,5.889022331046983,1.187561221495412,2.0,0.6,0.375,0.703125,False
ME_vs_MI,ME_vs_MI,erds_band,elbow_extension,C1,alpha,ME,MI,4,-0.6604829771247969,-0.8524239756884107,0.2378407338584822,5.0,0.0,1.0,1.0,False
ME_vs_MI,ME_vs_MI,erds_band,elbow_flexion,C1,alpha,ME,MI,4,-1.359681942644285,-0.4757374201468797,-0.8839445224974052,2.0,-0.6,0.375,0.5869565217391305,False
ME_vs_MI,ME_vs_MI,erds_band,hand_close,C1,alpha,ME,MI,4,-0.8861627806796564,-0.4061452892851947,-0.5167443254055337,1.0,-0.8,0.25,0.42857142857142855,False
ME_vs_MI,ME_vs_MI,erds_band,hand_open,C1,alpha,ME,MI,4,-1.1129074163605561,-0.02659233134819289,-1.0283993658320114,0.0,-1.0,0.125,0.28125,False
ME_vs_MI,ME_vs_MI,erds_band,movement,C1,alpha,ME,MI,4,-0.9895822128726357,-0.37189551888510997,-0.42586481851665203,1.0,-0.8,0.25,0.42857142857142855,False
ME_vs_MI,ME_vs_MI,erds_band,rest,C1,alpha,ME,MI,4,-0.4157041872563252,-0.27227025655533854,-0.16119346809029408,4.0,-0.2,0.875,0.9545454545454546,False
ME_vs_MI,ME_vs_MI,erds_band,elbow_extension,C4,alpha,ME,MI,4,-1.178660900894863,-0.29238890880681995,-0.418702583643327,0.0,-1.0,0.125,0.28125,False
ME_vs_MI,ME_vs_MI,erds_band,elbow_flexion,C4,alpha,ME,MI,4,-1.0174044239211537,0.05722715197995709,0.05986243419027021,5.0,0.0,1.0,1.0,False
ME_vs_MI,ME_vs_MI,erds_band,hand_close,C4,alpha,ME,MI,4,-0.8326373776659118,-0.24047169630441967,-0.3721093261284691,3.0,-0.4,0.625,0.7758620689655172,False
ME_vs_MI,ME_vs_MI,erds_band,hand_open,C4,alpha,ME,MI,4,-1.2752826469038632,-0.5147997090033948,-0.15623165281729107,3.0,-0.4,0.625,0.7758620689655172,False
ME_vs_MI,ME_vs_MI,erds_band,movement,C4,alpha,ME,MI,4,-1.0759963373464478,-0.3628814314777781,-0.10767577267122364,2.0,-0.6,0.375,0.5869565217391305,False
ME_vs_MI,ME_vs_MI,erds_band,rest,C4,alpha,ME,MI,4,0.21219695137543787,-0.5151938293006595,0.6726678933850642,0.0,1.0,0.125,0.28125,False
ME_vs_MI,ME_vs_MI,erds_band,elbow_extension,Cz,alpha,ME,MI,4,-0.9652044727456358,-0.9802982013647115,0.6344883007130327,4.0,0.2,0.875,0.9545454545454546,False
ME_vs_MI,ME_vs_MI,erds_band,elbow_flexion,Cz,alpha,ME,MI,4,-1.1927655091438503,-0.8043402018652233,-0.09044857074439583,3.0,-0.4,0.625,0.7758620689655172,False
ME_vs_MI,ME_vs_MI,erds_band,hand_close,Cz,alpha,ME,MI,4,-1.0848704435477585,-0.7374543507531759,-0.04914716614432346,3.0,-0.4,0.625,0.7758620689655172,False
ME_vs_MI,ME_vs_MI,erds_band,hand_open,Cz,alpha,ME,MI,4,-1.399360054642237,-0.41406610503920244,-1.029870575161066,0.0,-1.0,0.125,0.28125,False
ME_vs_MI,ME_vs_MI,erds_band,movement,Cz,alpha,ME,MI,4,-1.1605501200198702,-0.7308959777079658,-0.03243623015683578,3.0,-0.4,0.625,0.7758620689655172,False
ME_vs_MI,ME_vs_MI,erds_band,rest,Cz,alpha,ME,MI,4,0.14128535518050583,-0.687792520395636,0.8208838397912123,3.0,0.4,0.625,0.7758620689655172,False
ME_vs_MI,ME_vs_MI,erds_band,elbow_extension,C1,beta,ME,MI,4,-1.9404453308581158,-0.7519175206957759,-0.8613970588166322,0.0,-1.0,0.125,0.28125,False
ME_vs_MI,ME_vs_MI,erds_band,elbow_flexion,C1,beta,ME,MI,4,-2.412698416633618,-0.7564570263266509,-0.8747371912805093,0.0,-1.0,0.125,0.28125,False
ME_vs_MI,ME_vs_MI,erds_band,hand_close,C1,beta,ME,MI,4,-2.0570873047382205,-0.8292079139963615,-0.9228408804891772,0.0,-1.0,0.125,0.28125,False
ME_vs_MI,ME_vs_MI,erds_band,hand_open,C1,beta,ME,MI,4,-2.3544500333119087,-0.8303352971262987,-1.3824672340460697,0.0,-1.0,0.125,0.28125,False
ME_vs_MI,ME_vs_MI,erds_band,movement,C1,beta,ME,MI,4,-2.2490528526813907,-0.7654543476210137,-0.961146875808646,0.0,-1.0,0.125,0.28125,False
ME_vs_MI,ME_vs_MI,erds_band,rest,C1,beta,ME,MI,4,-0.5095928884362326,-0.6810492980985217,0.11189089610247621,4.0,0.2,0.875,0.9545454545454546,False
ME_vs_MI,ME_vs_MI,erds_band,elbow_extension,C4,beta,ME,MI,4,-0.9249300840947532,-0.2831649086904492,-0.571834883757288,0.0,-1.0,0.125,0.28125,False
ME_vs_MI,ME_vs_MI,erds_band,elbow_flexion,C4,beta,ME,MI,4,-0.9086452437578101,-0.3200105502441831,-0.3229844323569103,0.0,-1.0,0.125,0.28125,False
ME_vs_MI,ME_vs_MI,erds_band,hand_close,C4,beta,ME,MI,4,-0.9787061778581521,-0.4570924328357632,-0.18044101983066557,1.0,-0.8,0.25,0.42857142857142855,False
ME_vs_MI,ME_vs_MI,erds_band,hand_open,C4,beta,ME,MI,4,-1.311462931488463,-0.07544055781951481,-0.6705993139834814,0.0,-1.0,0.125,0.28125,False
ME_vs_MI,ME_vs_MI,erds_band,movement,C4,beta,ME,MI,4,-1.0309361092997946,-0.30037096626281107,-0.3611530821830902,0.0,-1.0,0.125,0.28125,False
ME_vs_MI,ME_vs_MI,erds_band,rest,C4,beta,ME,MI,4,-0.2733807269585464,-0.4130339175292071,-0.15663113337537832,4.0,-0.2,0.875,0.9545454545454546,False
ME_vs_MI,ME_vs_MI,erds_band,elbow_extension,Cz,beta,ME,MI,4,-1.0380628868378494,-0.3644431306246463,-0.6528468942816478,1.0,-0.8,0.25,0.42857142857142855,False
ME_vs_MI,ME_vs_MI,erds_band,elbow_flexion,Cz,beta,ME,MI,4,-1.5553164037791505,-0.5517887644135215,-0.6564162704425824,0.0,-1.0,0.125,0.28125,False
ME_vs_MI,ME_vs_MI,erds_band,hand_close,Cz,beta,ME,MI,4,-1.0991308775674198,-0.4309268407786424,-0.6401649641431124,1.0,-0.8,0.25,0.42857142857142855,False
ME_vs_MI,ME_vs_MI,erds_band,hand_open,Cz,beta,ME,MI,4,-1.6489769215365053,-0.3793109241898559,-1.0280312036546766,0.0,-1.0,0.125,0.28125,False
ME_vs_MI,ME_vs_MI,erds_band,movement,Cz,beta,ME,MI,4,-1.3508385384655832,-0.43161741500166656,-0.7443648331305048,0.0,-1.0,0.125,0.28125,False
ME_vs_MI,ME_vs_MI,erds_band,rest,Cz,beta,ME,MI,4,-0.01965163915507595,-0.5308534527698291,-0.026785028760451135,5.0,0.0,1.0,1.0,False
ME_vs_MI,ME_vs_MI,max_power,elbow_extension,C1,alpha,ME,MI,4,0.8007034657670239,0.7809062234276636,-0.008581550518225567,4.0,-0.2,0.875,0.9,False
ME_vs_MI,ME_vs_MI,max_power,elbow_flexion,C1,alpha,ME,MI,4,0.7330436909437201,0.8214904557186182,-0.08844676477489805,1.0,-0.8,0.25,0.9,False
ME_vs_MI,ME_vs_MI,max_power,hand_close,C1,alpha,ME,MI,4,0.6788498725737426,1.085482533934791,-0.4066326613610484,1.0,-0.8,0.25,0.9,False
ME_vs_MI,ME_vs_MI,max_power,hand_open,C1,alpha,ME,MI,4,0.6832341793295024,0.9209724924187667,-0.2377383130892643,1.0,-0.8,0.25,0.9,False
ME_vs_MI,ME_vs_MI,max_power,movement,C1,alpha,ME,MI,4,0.7168631039391008,0.9022129263749599,-0.18534982243585907,1.0,-0.8,0.25,0.9,False
ME_vs_MI,ME_vs_MI,max_power,rest,C1,alpha,ME,MI,4,1.2118466370926606,1.1285494384639385,-0.10397114050103529,4.0,-0.2,0.875,0.9,False
ME_vs_MI,ME_vs_MI,max_power,elbow_extension,C4,alpha,ME,MI,4,0.9999128782199732,0.9660919216374226,-0.09300903307371977,3.0,-0.4,0.625,0.9,False
ME_vs_MI,ME_vs_MI,max_power,elbow_flexion,C4,alpha,ME,MI,4,1.0540753191547396,1.0524481061565225,-0.045006996471554817,4.0,-0.2,0.875,0.9,False
ME_vs_MI,ME_vs_MI,max_power,hand_close,C4,alpha,ME,MI,4,0.8946999346888702,1.279958878526829,-0.41066599442758434,1.0,-0.8,0.25,0.9,False
ME_vs_MI,ME_vs_MI,max_power,hand_open,C4,alpha,ME,MI,4,0.9125187952212459,0.9489289435757526,-0.1797434940118638,2.0,-0.6,0.375,0.9,False
ME_vs_MI,ME_vs_MI,max_power,movement,C4,alpha,ME,MI,4,0.9645274188747925,1.044195646368962,-0.1821063794961807,2.0,-0.6,0.375,0.9,False
ME_vs_MI,ME_vs_MI,max_power,rest,C4,alpha,ME,MI,4,1.6283072878777891,1.2382519816798583,-0.04907113305063987,4.0,-0.2,0.875,0.9,False
ME_vs_MI,ME_vs_MI,max_power,elbow_extension,Cz,alpha,ME,MI,4,1.348267597259007,1.510870963264114,-0.16260336600510705,1.0,-0.8,0.25,0.9,False
ME_vs_MI,ME_vs_MI,max_power,elbow_flexion,Cz,alpha,ME,MI,4,1.2824416222573911,1.616021201527841,-0.3335795792704498,0.0,-1.0,0.125,0.9,False
ME_vs_MI,ME_vs_MI,max_power,hand_close,Cz,alpha,ME,MI,4,1.3205948810580665,1.761822790978544,-0.31697546092995826,0.0,-1.0,0.125,0.9,False
ME_vs_MI,ME_vs_MI,max_power,hand_open,Cz,alpha,ME,MI,4,1.19570417432147,1.6017300358772684,-0.32273598763282685,0.0,-1.0,0.125,0.9,False
ME_vs_MI,ME_vs_MI,max_power,movement,Cz,alpha,ME,MI,4,1.2867520687239835,1.6226112479119417,-0.33585917918795816,0.0,-1.0,0.125,0.9,False
ME_vs_MI,ME_vs_MI,max_power,rest,Cz,alpha,ME,MI,4,2.0738864648108235,1.8683899101404777,0.1410649796694048,3.0,0.4,0.625,0.9,False
ME_vs_MI,ME_vs_MI,max_power,elbow_extension,C1,beta,ME,MI,4,0.4458883462124233,0.4458834632426135,-0.03991086877169393,4.0,-0.2,0.875,0.9,False
ME_vs_MI,ME_vs_MI,max_power,elbow_flexion,C1,beta,ME,MI,4,0.45344438930695125,0.46399955456182085,-0.052410348652787375,3.0,-0.4,0.625,0.9,False
ME_vs_MI,ME_vs_MI,max_power,hand_close,C1,beta,ME,MI,4,0.4646261396567892,0.4629188832442502,-0.05486527838212034,4.0,-0.2,0.875,0.9,False
ME_vs_MI,ME_vs_MI,max_power,hand_open,C1,beta,ME,MI,4,0.423699309542547,0.46081279513516016,-0.058171001802625064,3.0,-0.4,0.625,0.9,False
ME_vs_MI,ME_vs_MI,max_power,movement,C1,beta,ME,MI,4,0.4469145461796777,0.45840367404596116,-0.05133937440230668,3.0,-0.4,0.625,0.9,False
ME_vs_MI,ME_vs_MI,max_power,rest,C1,beta,ME,MI,4,0.7715677652639379,0.5556645096777872,0.01865400248557908,3.0,0.4,0.625,0.9,False
ME_vs_MI,ME_vs_MI,max_power,elbow_extension,C4,beta,ME,MI,4,0.9042152528524331,0.9636921788808059,-0.08776158698274884,3.0,-0.4,0.625,0.9,False
ME_vs_MI,ME_vs_MI,max_power,elbow_flexion,C4,beta,ME,MI,4,0.9136245093562491,0.9012437801653101,-0.03469080273511062,4.0,-0.2,0.875,0.9,False
ME_vs_MI,ME_vs_MI,max_power,hand_close,C4,beta,ME,MI,4,0.9482645286922449,0.7979702300636593,0.033604000129054054,3.0,0.4,0.625,0.9,False
ME_vs_MI,ME_vs_MI,max_power,hand_open,C4,beta,ME,MI,4,0.844586897850989,0.8752504845362077,-0.08970926294856929,2.0,-0.6,0.375,0.9,False
ME_vs_MI,ME_vs_MI,max_power,movement,C4,beta,ME,MI,4,0.902672797187979,0.8845391684114957,-0.04463941313434365,4.0,-0.2,0.875,0.9,False
ME_vs_MI,ME_vs_MI,max_power,rest,C4,beta,ME,MI,4,1.4266512182711022,1.0612106828423253,0.060997181372589915,2.0,0.6,0.375,0.9,False
ME_vs_MI,ME_vs_MI,max_power,elbow_extension,Cz,beta,ME,MI,4,0.829595686340005,0.8974003545969902,-0.06264845074890299,3.0,-0.4,0.625,0.9,False
ME_vs_MI,ME_vs_MI,max_power,elbow_flexion,Cz,beta,ME,MI,4,0.7875436714513311,0.8270609665881492,-0.02074977428874327,5.0,0.0,1.0,1.0,False
ME_vs_MI,ME_vs_MI,max_power,hand_close,Cz,beta,ME,MI,4,0.8236455435307782,0.922254116221449,-0.0028249585180315923,4.0,-0.2,0.875,0.9,False
ME_vs_MI,ME_vs_MI,max_power,hand_open,Cz,beta,ME,MI,4,0.7040858706453492,0.9505755400525725,-0.1225390062361371,3.0,-0.4,0.625,0.9,False
ME_vs_MI,ME_vs_MI,max_power,movement,Cz,beta,ME,MI,4,0.7862176929918658,0.8993227443647902,-0.05502118595297396,4.0,-0.2,0.875,0.9,False
ME_vs_MI,ME_vs_MI,max_power,rest,Cz,beta,ME,MI,4,0.970619345945805,0.8932730730582294,0.18082020898848147,2.0,0.6,0.375,0.9,False
ME_vs_MI,ME_vs_MI,median_freq,elbow_extension,C1,alpha,ME,MI,4,10.189829247801713,10.07961685044862,-0.01781879296120792,5.0,0.0,1.0,1.0,False
ME_vs_MI,ME_vs_MI,median_freq,elbow_flexion,C1,alpha,ME,MI,4,10.244115211974744,10.117173212294436,0.05510988420435137,3.0,0.4,0.625,0.9782608695652174,False
ME_vs_MI,ME_vs_MI,median_freq,hand_close,C1,alpha,ME,MI,4,10.267985775385103,10.102368963480414,0.15861579145830706,0.0,1.0,0.125,0.75,False
ME_vs_MI,ME_vs_MI,median_freq,hand_open,C1,alpha,ME,MI,4,10.221270840493508,10.107772409923697,0.047280408844362576,3.0,0.4,0.625,0.9782608695652174,False
ME_vs_MI,ME_vs_MI,median_freq,movement,C1,alpha,ME,MI,4,10.232927595905622,10.10173285903679,0.05074621007026181,3.0,0.4,0.625,0.9782608695652174,False
ME_vs_MI,ME_vs_MI,median_freq,rest,C1,alpha,ME,MI,4,10.195924151361062,10.08032178329759,0.09219580479006773,4.0,0.2,0.875,0.984375,False
ME_vs_MI,ME_vs_MI,median_freq,elbow_extension,C4,alpha,ME,MI,4,10.650415960516089,10.43354203816404,-0.14781686486026402,4.0,-0.2,0.875,0.984375,False
ME_vs_MI,ME_vs_MI,median_freq,elbow_flexion,C4,alpha,ME,MI,4,10.662717377158646,10.45339629390241,-0.0450900376698824,4.0,-0.2,0.875,0.984375,False
ME_vs_MI,ME_vs_MI,median_freq,hand_close,C4,alpha,ME,MI,4,10.51972326041533,10.453714273897456,0.1140273397169107,3.0,0.4,0.625,0.9782608695652174,False
ME_vs_MI,ME_vs_MI,median_freq,hand_open,C4,alpha,ME,MI,4,10.51313474238178,10.409842511925145,0.03814657747273209,4.0,0.2,0.875,0.984375,False
ME_vs_MI,ME_vs_MI,median_freq,movement,C4,alpha,ME,MI,4,10.58649783511796,10.437623779472261,-0.046453650091836884,4.0,-0.2,0.875,0.984375,False
ME_vs_MI,ME_vs_MI,median_freq,rest,C4,alpha,ME,MI,4,10.54388493842253,10.445886954399446,0.11501063674087053,1.0,0.8,0.25,0.9782608695652174,False
ME_vs_MI,ME_vs_MI,median_freq,elbow_extension,Cz,alpha,ME,MI,4,10.126721530317155,9.998690516727256,0.06978835136812478,0.0,1.0,0.125,0.75,False
ME_vs_MI,ME_vs_MI,median_freq,elbow_flexion,Cz,alpha,ME,MI,4,10.078141797825044,9.950329976671089,0.13770688166442469,0.0,1.0,0.125,0.75,False
ME_vs_MI,ME_vs_MI,median_freq,hand_close,Cz,alpha,ME,MI,4,10.087101701384057,9.945329152884717,0.10175899698368518,0.0,1.0,0.125,0.75,False
ME_vs_MI,ME_vs_MI,median_freq,hand_open,Cz,alpha,ME,MI,4,10.11760703629379,10.0171711687575,0.03389007216554418,3.0,0.4,0.625,0.9782608695652174,False
ME_vs_MI,ME_vs_MI,median_freq,movement,Cz,alpha,ME,MI,4,10.126079230548543,9.97788020376014,0.07912255695899795,0.0,1.0,0.125,0.75,False
ME_vs_MI,ME_vs_MI,median_freq,rest,Cz,alpha,ME,MI,4,10.06959668087869,9.949005731682634,0.08854506036386312,3.0,0.4,0.625,0.9782608695652174,False
ME_vs_MI,ME_vs_MI,median_freq,elbow_extension,C1,beta,ME,MI,4,20.402529278954134,20.520728358111462,-0.42208845299168196,0.0,-1.0,0.125,0.75,False
ME_vs_MI,ME_vs_MI,median_freq,elbow_flexion,C1,beta,ME,MI,4,20.42388036183161,20.469006460075686,-0.4082443504854236,3.0,-0.4,0.625,0.9782608695652174,False
ME_vs_MI,ME_vs_MI,median_freq,hand_close,C1,beta,ME,MI,4,20.259079126442664,20.285857647359194,-0.14088372858697795,3.0,-0.4,0.625,0.9782608695652174,False
ME_vs_MI,ME_vs_MI,median_freq,hand_open,C1,beta,ME,MI,4,20.41044509756528,20.54368276003484,-0.2699567436890291,3.0,-0.4,0.625,0.9782608695652174,False
ME_vs_MI,ME_vs_MI,median_freq,movement,C1,beta,ME,MI,4,20.42005075469553,20.445250973267203,-0.27735038182824034,3.0,-0.4,0.625,0.9782608695652174,False
ME_vs_MI,ME_vs_MI,median_freq,rest,C1,beta,ME,MI,4,20.442832991055433,20.365514707917356,-0.31890438351433836,3.0,-0.4,0.625,0.9782608695652174,False
ME_vs_MI,ME_vs_MI,median_freq,elbow_extension,C4,beta,ME,MI,4,19.91304167183913,20.392891426346573,-0.19033998566474253,3.0,-0.4,0.625,0.9782608695652174,False
ME_vs_MI,ME_vs_MI,median_freq,elbow_flexion,C4,beta,ME,MI,4,20.20745060888387,20.199201668841575,0.008248940042296482,5.0,0.0,1.0,1.0,False
ME_vs_MI,ME_vs_MI,median_freq,hand_close,C4,beta,ME,MI,4,19.883788834408286,20.14997524313478,0.0294515903573771,5.0,0.0,1.0,1.0,False
ME_vs_MI,ME_vs_MI,median_freq,hand_open,C4,beta,ME,MI,4,19.883034845283305,20.137610961164576,-0.0804202192788317,5.0,0.0,1.0,1.0,False
ME_vs_MI,ME_vs_MI,median_freq,movement,C4,beta,ME,MI,4,19.918626770023458,20.219919824871873,-0.0751407668472801,3.0,-0.4,0.625,0.9782608695652174,False
ME_vs_MI,ME_vs_MI,median_freq,rest,C4,beta,ME,MI,4,19.821798080622585,19.821060747036697,0.0007373335858886776,4.0,0.2,0.875,0.984375,False
ME_vs_MI,ME_vs_MI,median_freq,elbow_extension,Cz,beta,ME,MI,4,20.507062443232112,20.343621458282367,-0.07303509965140975,4.0,-0.2,0.875,0.984375,False
ME_vs_MI,ME_vs_MI,median_freq,elbow_flexion,Cz,beta,ME,MI,4,20.47835380413762,20.25835802757274,0.010176780201058833,4.0,0.2,0.875,0.984375,False
ME_vs_MI,ME_vs_MI,median_freq,hand_close,Cz,beta,ME,MI,4,20.434107654066175,20.01587682653469,0.17877108415316378,3.0,0.4,0.625,0.9782608695652174,False
ME_vs_MI,ME_vs_MI,median_freq,hand_open,Cz,beta,ME,MI,4,20.601726488467754,20.329527471403054,0.27219901706470395,3.0,0.4,0.625,0.9782608695652174,False
ME_vs_MI,ME_vs_MI,median_freq,movement,Cz,beta,ME,MI,4,20.556311412562867,20.21279193401591,0.0982643620628405,4.0,0.2,0.875,0.984375,False
ME_vs_MI,ME_vs_MI,median_freq,rest,Cz,beta,ME,MI,4,20.48622383752636,20.21635463505622,0.2050866648307199,3.0,0.4,0.625,0.9782608695652174,False
movement_vs_rest,ME,auc,elbow_extension,C1,alpha,elbow_extension,rest,4,1.8399247891244626,2.456384783294778,-0.6164599941703154,1.0,-0.8,0.25,0.48,False
movement_vs_rest,MI,auc,elbow_extension,C1,alpha,elbow_extension,rest,4,1.824200075687996,2.1245047081225166,-0.06174027256248571,5.0,0.0,1.0,1.0,False
movement_vs_rest,ME,auc,elbow_flexion,C1,alpha,elbow_flexion,rest,4,1.6641444916035677,2.456384783294778,-0.8774543139251073,1.0,-0.8,0.25,0.48,False
movement_vs_rest,MI,auc,elbow_flexion,C1,alpha,elbow_flexion,rest,4,1.9084984620301595,2.1245047081225166,0.10289871199160983,4.0,0.2,0.875,0.9130434782608695,False
movement_vs_rest,ME,auc,hand_close,C1,alpha,hand_close,rest,4,1.6162271927047644,2.456384783294778,-0.8425445042049833,1.0,-0.8,0.25,0.48,False
movement_vs_rest,MI,auc,hand_close,C1,alpha,hand_close,rest,4,2.1387964503185564,2.1245047081225166,0.04308867285910589,3.0,0.4,0.625,0.7692307692307693,False
movement_vs_rest,ME,auc,hand_open,C1,alpha,hand_open,rest,4,1.585452361121621,2.456384783294778,-0.9370653165732228,1.0,-0.8,0.25,0.48,False
movement_vs_rest,MI,auc,hand_open,C1,alpha,hand_open,rest,4,2.00008920165407,2.1245047081225166,0.06004177259979104,4.0,0.2,0.875,0.9130434782608695,False
movement_vs_rest,ME,auc,elbow_extension,C4,alpha,elbow_extension,rest,4,2.1906510215967336,3.336402705247057,-1.1974917808847252,1.0,-0.8,0.25,0.48,False
movement_vs_rest,MI,auc,elbow_extension,C4,alpha,elbow_extension,rest,4,2.4549081556722765,2.535165429919121,-0.3191007416731244,4.0,-0.2,0.875,0.9130434782608695,False
movement_vs_rest,ME,auc,elbow_flexion,C4,alpha,elbow_flexion,rest,4,2.404234368025394,3.336402705247057,-1.2400529742043087,1.0,-0.8,0.25,0.48,False
movement_vs_rest,MI,auc,elbow_flexion,C4,alpha,elbow_flexion,rest,4,2.3898665583480496,2.535165429919121,0.4822716105058632,3.0,0.4,0.625,0.7692307692307693,False
movement_vs_rest,ME,auc,hand_close,C4,alpha,hand_close,rest,4,2.2425503439007066,3.336402705247057,-1.1948058687906695,1.0,-0.8,0.25,0.48,False
movement_vs_rest,MI,auc,hand_close,C4,alpha,hand_close,rest,4,2.816918978702373,2.535165429919121,0.5646038167079254,3.0,0.4,0.625,0.7692307692307693,False
movement_vs_rest,ME,auc,hand_open,C4,alpha,hand_open,rest,4,2.0893233016864454,3.336402705247057,-1.540872485830019,1.0,-0.8,0.25,0.48,False
movement_vs_rest,MI,auc,hand_open,C4,alpha,hand_open,rest,4,2.34338267493938,2.535165429919121,0.09106751294493198,3.0,0.4,0.625,0.7692307692307693,False
movement_vs_rest,ME,auc,elbow_extension,Cz,alpha,elbow_extension,rest,4,3.036700835635591,4.194623849158666,-1.157923013523075,1.0,-0.8,0.25,0.48,False
movement_vs_rest,MI,auc,elbow_extension,Cz,alpha,elbow_extension,rest,4,3.441262178934857,3.8897129504991916,-0.2516970857368452,4.0,-0.2,0.875,0.9130434782608695,False
movement_vs_rest,ME,auc,elbow_flexion,Cz,alpha,elbow_flexion,rest,4,2.8544840422020012,4.194623849158666,-1.3401398069566648,1.0,-0.8,0.25,0.48,False
movement_vs_rest,MI,auc,elbow_flexion,Cz,alpha,elbow_flexion,rest,4,3.494705813390876,3.8897129504991916,0.018049144252874405,4.0,0.2,0.875,0.9130434782608695,False
movement_vs_rest,ME,auc,hand_close,Cz,alpha,hand_close,rest,4,2.9353605558700497,4.194623849158666,-0.744199299380891,0.0,-1.0,0.125,0.48,False
movement_vs_rest,MI,auc,hand_close,Cz,alpha,hand_close,rest,4,3.466100299637639,3.8897129504991916,-0.16631565485923405,5.0,0.0,1.0,1.0,False
movement_vs_rest,ME,auc,hand_open,Cz,alpha,hand_open,rest,4,2.7068844763343605,4.194623849158666,-1.4877393728243056,0.0,-1.0,0.125,0.48,False
movement_vs_rest,MI,auc,hand_open,Cz,alpha,hand_open,rest,4,3.4907426353252804,3.8897129504991916,-0.16975464634540405,1.0,-0.8,0.25,0.48,False
movement_vs_rest,ME,auc,elbow_extension,C1,beta,elbow_extension,rest,4,3.023048113374971,4.812228333226836,-1.614040270669082,0.0,-1.0,0.125,0.48,False
movement_vs_rest,MI,auc,elbow_extension,C1,beta,elbow_extension,rest,4,3.246364132834226,3.8809153518595205,-0.23785303476122022,2.0,-0.6,0.375,0.5806451612903226,False
movement_vs_rest,ME,auc,elbow_flexion,C1,beta,elbow_flexion,rest,4,2.981106502318613,4.812228333226836,-1.5695520405944732,0.0,-1.0,0.125,0.48,False
movement_vs_rest,MI,auc,elbow_flexion,C1,beta,elbow_flexion,rest,4,3.270622110465962,3.8809153518595205,-0.25612774530988947,2.0,-0.6,0.375,0.5806451612903226,False
movement_vs_rest,ME,auc,hand_close,C1,beta,hand_close,rest,4,3.180310216746909,4.812228333226836,-1.0497946321539195,0.0,-1.0,0.125,0.48,False
movement_vs_rest,MI,auc,hand_close,C1,beta,hand_close,rest,4,3.295622599804064,3.8809153518595205,-0.27726395532621073,2.0,-0.6,0.375,0.5806451612903226,False
movement_vs_rest,ME,auc,hand_open,C1,beta,hand_open,rest,4,2.8977986677772556,4.812228333226836,-1.3258653195557113,0.0,-1.0,0.125,0.48,False
movement_vs_rest,MI,auc,hand_open,C1,beta,hand_open,rest,4,3.326872164530976,3.8809153518595205,-0.18481383293627762,3.0,-0.4,0.625,0.7692307692307693,False
movement_vs_rest,ME,auc,elbow_extension,C4,beta,elbow_extension,rest,4,4.547367788678889,6.269745063802366,-1.7223772751234772,1.0,-0.8,0.25,0.48,False
movement_vs_rest,MI,auc,elbow_extension,C4,beta,elbow_extension,rest,4,5.194987924368375,5.380390937879593,-0.04243481030642393,4.0,-0.2,0.875,0.9130434782608695,False
movement_vs_rest,ME,auc,elbow_flexion,C4,beta,elbow_flexion,rest,4,4.814086921034477,6.269745063802366,-1.455658142767889,1.0,-0.8,0.25,0.48,False
movement_vs_rest,MI,auc,elbow_flexion,C4,beta,elbow_flexion,rest,4,4.927058553087491,5.380390937879593,-0.2065785023047978,3.0,-0.4,0.625,0.7692307692307693,False
movement_vs_rest,ME,auc,hand_close,C4,beta,hand_close,rest,4,5.0182336767400315,6.269745063802366,-0.9349843041460928,1.0,-0.8,0.25,0.48,False
movement_vs_rest,MI,auc,hand_close,C4,beta,hand_close,rest,4,4.713244205915386,5.380390937879593,-0.3875672996797611,2.0,-0.6,0.375,0.5806451612903226,False
movement_vs_rest,ME,auc,hand_open,C4,beta,hand_open,rest,4,4.733536686014981,6.269745063802366,-1.536208377787385,0.0,-1.0,0.125,0.48,False
movement_vs_rest,MI,auc,hand_open,C4,beta,hand_open,rest,4,4.777849353138787,5.380390937879593,-0.2655161332387209,4.0,-0.2,0.875,0.9130434782608695,False
movement_vs_rest,ME,auc,elbow_extension,Cz,beta,elbow_extension,rest,4,4.970747283760409,6.337943939088736,-1.3475124196623427,0.0,-1.0,0.125,0.48,False
movement_vs_rest,MI,auc,elbow_extension,Cz,beta,elbow_extension,rest,4,5.672181130640005,5.889022331046983,-0.11103245431339681,3.0,-0.4,0.625,0.7692307692307693,False
movement_vs_rest,ME,auc,elbow_flexion,Cz,beta,elbow_flexion,rest,4,4.957833439693213,6.337943939088736,-1.1998027043127557,0.0,-1.0,0.125,0.48,False
movement_vs_rest,MI,auc,elbow_flexion,Cz,beta,elbow_flexion,rest,4,5.487108701685171,5.889022331046983,-0.44262382889440294,2.0,-0.6,0.375,0.5806451612903226,False
movement_vs_rest,ME,auc,hand_close,Cz,beta,hand_close,rest,4,5.184395139319662,6.337943939088736,-0.6845183340078527,0.0,-1.0,0.125,0.48,False
movement_vs_rest,MI,auc,hand_close,Cz,beta,hand_close,rest,4,5.861451342560459,5.889022331046983,-0.3216852380040461,2.0,-0.6,0.375,0.5806451612903226,False
movement_vs_rest,ME,auc,hand_open,Cz,beta,hand_open,rest,4,4.4916363100674355,6.337943939088736,-0.7393846878307162,0.0,-1.0,0.125,0.48,False
movement_vs_rest,MI,auc,hand_open,Cz,beta,hand_open,rest,4,6.029647554092792,5.889022331046983,-0.25283638834932315,3.0,-0.4,0.625,0.7692307692307693,False
movement_vs_rest,ME,erds_band,elbow_extension,C1,alpha,elbow_extension,rest,4,-0.6604829771247969,-0.4157041872563252,-1.3016657683075175,1.0,-0.8,0.25,0.46153846153846156,False
movement_vs_rest,MI,erds_band,elbow_extension,C1,alpha,elbow_extension,rest,4,-0.8524239756884107,-0.27227025655533854,-0.5226341729256307,1.0,-0.8,0.25,0.46153846153846156,False
movement_vs_rest,ME,erds_band,elbow_flexion,C1,alpha,elbow_flexion,rest,4,-1.359681942644285,-0.4157041872563252,-1.9399584685082545,1.0,-0.8,0.25,0.46153846153846156,False
movement_vs_rest,MI,erds_band,elbow_flexion,C1,alpha,elbow_flexion,rest,4,-0.4757374201468797,-0.27227025655533854,-0.22122670098084862,3.0,-0.4,0.625,0.8108108108108109,False
movement_vs_rest,ME,erds_band,hand_close,C1,alpha,hand_close,rest,4,-0.8861627806796564,-0.4157041872563252,-1.527345571862377,1.0,-0.8,0.25,0.46153846153846156,False
movement_vs_rest,MI,erds_band,hand_close,C1,alpha,hand_close,rest,4,-0.4061452892851947,-0.27227025655533854,-0.13387503272985612,4.0,-0.2,0.875,0.9333333333333333,False
movement_vs_rest,ME,erds_band,hand_open,C1,alpha,hand_open,rest,4,-1.1129074163605561,-0.4157041872563252,-1.2704740376366714,0.0,-1.0,0.125,0.4,False
movement_vs_rest,MI,erds_band,hand_open,C1,alpha,hand_open,rest,4,-0.02659233134819289,-0.27227025655533854,0.24567792520714565,3.0,0.4,0.625,0.8108108108108109,False
movement_vs_rest,ME,erds_band,elbow_extension,C4,alpha,elbow_extension,rest,4,-1.178660900894863,0.21219695137543787,-1.9621602793229598,1.0,-0.8,0.25,0.46153846153846156,False
movement_vs_rest,MI,erds_band,elbow_extension,C4,alpha,elbow_extension,rest,4,-0.29238890880681995,-0.5151938293006595,0.21470253541251216,4.0,0.2,0.875,0.9333333333333333,False
movement_vs_rest,ME,erds_band,elbow_flexion,C4,alpha,elbow_flexion,rest,4,-1.0174044239211537,0.21219695137543787,-1.3996628740055959,3.0,-0.4,0.625,0.8108108108108109,False
movement_vs_rest,MI,erds_band,elbow_flexion,C4,alpha,elbow_flexion,rest,4,0.05722715197995709,-0.5151938293006595,0.5724209812806167,5.0,0.0,1.0,1.0,False
movement_vs_rest,ME,erds_band,hand_close,C4,alpha,hand_close,rest,4,-0.8326373776659118,0.21219695137543787,-1.6271395907123423,1.0,-0.8,0.25,0.46153846153846156,False
movement_vs_rest,MI,erds_band,hand_close,C4,alpha,hand_close,rest,4,-0.24047169630441967,-0.5151938293006595,-0.1400910708405652,5.0,0.0,1.0,1.0,False
movement_vs_rest,ME,erds_band,hand_open,C4,alpha,hand_open,rest,4,-1.2752826469038632,0.21219695137543787,-2.0697848599502935,1.0,-0.8,0.25,0.46153846153846156,False
movement_vs_rest,MI,erds_band,hand_open,C4,alpha,hand_open,rest,4,-0.5147997090033948,-0.5151938293006595,-0.3000497018851774,5.0,0.0,1.0,1.0,False
movement_vs_rest,ME,erds_band,elbow_extension,Cz,alpha,elbow_extension,rest,4,-0.9652044727456358,0.14128535518050583,-0.9391382686298049,0.0,-1.0,0.125,0.4,False
movement_vs_rest,MI,erds_band,elbow_extension,Cz,alpha,elbow_extension,rest,4,-0.9802982013647115,-0.687792520395636,-0.3650539073202683,3.0,-0.4,0.625,0.8108108108108109,False
movement_vs_rest,ME,erds_band,elbow_flexion,Cz,alpha,elbow_flexion,rest,4,-1.1927655091438503,0.14128535518050583,-1.6130706883838961,0.0,-1.0,0.125,0.4,False
movement_vs_rest,MI,erds_band,elbow_flexion,Cz,alpha,elbow_flexion,rest,4,-0.8043402018652233,-0.687792520395636,-0.23718057739705362,4.0,-0.2,0.875,0.9333333333333333,False
movement_vs_rest,ME,erds_band,hand_close,Cz,alpha,hand_close,rest,4,-1.0848704435477585,0.14128535518050583,-1.0750304328085332,0.0,-1.0,0.125,0.4,False
movement_vs_rest,MI,erds_band,hand_close,Cz,alpha,hand_close,rest,4,-0.7374543507531759,-0.687792520395636,-0.15230398560842007,3.0,-0.4,0.625,0.8108108108108109,False
movement_vs_rest,ME,erds_band,hand_open,Cz,alpha,hand_open,rest,4,-1.399360054642237,0.14128535518050583,-1.4881051431765409,0.0,-1.0,0.125,0.4,False
movement_vs_rest,MI,erds_band,hand_open,Cz,alpha,hand_open,rest,4,-0.41406610503920244,-0.687792520395636,0.1710842601055534,1.0,0.8,0.25,0.46153846153846156,False
movement_vs_rest,ME,erds_band,elbow_extension,C1,beta,elbow_extension,rest,4,-1.9404453308581158,-0.5095928884362326,-1.8219529613588938,0.0,-1.0,0.125,0.4,False
movement_vs_rest,MI,erds_band,elbow_extension,C1,beta,elbow_extension,rest,4,-0.7519175206957759,-0.6810492980985217,-0.48011044831123645,3.0,-0.4,0.625,0.8108108108108109,False
movement_vs_rest,ME,erds_band,elbow_flexion,C1,beta,elbow_flexion,rest,4,-2.412698416633618,-0.5095928884362326,-1.7208222109296143,0.0,-1.0,0.125,0.4,False
movement_vs_rest,MI,erds_band,elbow_flexion,C1,beta,elbow_flexion,rest,4,-0.7564570263266509,-0.6810492980985217,-0.735830822068918,1.0,-0.8,0.25,0.46153846153846156,False
movement_vs_rest,ME,erds_band,hand_close,C1,beta,hand_close,rest,4,-2.0570873047382205,-0.5095928884362326,-1.3301246828325715,0.0,-1.0,0.125,0.4,False
movement_vs_rest,MI,erds_band,hand_close,C1,beta,hand_close,rest,4,-0.8292079139963615,-0.6810492980985217,-0.5102412209506856,2.0,-0.6,0.375,0.6,False
movement_vs_rest,ME,erds_band,hand_open,C1,beta,hand_open,rest,4,-2.3544500333119087,-0.5095928884362326,-1.6672819800991103,0.0,-1.0,0.125,0.4,False
movement_vs_rest,MI,erds_band,hand_open,C1,beta,hand_open,rest,4,-0.8303352971262987,-0.6810492980985217,-0.2985897122887785,2.0,-0.6,0.375,0.6,False
movement_vs_rest,ME,erds_band,elbow_extension,C4,beta,elbow_extension,rest,4,-0.9249300840947532,-0.2733807269585464,-1.1843881335808806,1.0,-0.8,0.25,0.46153846153846156,False
movement_vs_rest,MI,erds_band,elbow_extension,C4,beta,elbow_extension,rest,4,-0.2831649086904492,-0.4130339175292071,-0.24252064013055025,4.0,-0.2,0.875,0.9333333333333333,False
movement_vs_rest,ME,erds_band,elbow_flexion,C4,beta,elbow_flexion,rest,4,-0.9086452437578101,-0.2733807269585464,-0.9593585599565768,0.0,-1.0,0.125,0.4,False
movement_vs_rest,MI,erds_band,elbow_flexion,C4,beta,elbow_flexion,rest,4,-0.3200105502441831,-0.4130339175292071,-0.4144946173833288,4.0,-0.2,0.875,0.9333333333333333,False
movement_vs_rest,ME,erds_band,hand_close,C4,beta,hand_close,rest,4,-0.9787061778581521,-0.2733807269585464,-0.7280889908684183,1.0,-0.8,0.25,0.46153846153846156,False
movement_vs_rest,MI,erds_band,hand_close,C4,beta,hand_close,rest,4,-0.4570924328357632,-0.4130339175292071,-0.5231718608747569,2.0,-0.6,0.375,0.6,False
movement_vs_rest,ME,erds_band,hand_open,C4,beta,hand_open,rest,4,-1.311462931488463,-0.2733807269585464,-1.0350133949572617,0.0,-1.0,0.125,0.4,False
movement_vs_rest,MI,erds_band,hand_open,C4,beta,hand_open,rest,4,-0.07544055781951481,-0.4130339175292071,-0.2283729198361111,4.0,-0.2,0.875,0.9333333333333333,False
movement_vs_rest,ME,erds_band,elbow_extension,Cz,beta,elbow_extension,rest,4,-1.0380628868378494,-0.01965163915507595,-1.180952005415159,0.0,-1.0,0.125,0.4,False
movement_vs_rest,MI,erds_band,elbow_extension,Cz,beta,elbow_extension,rest,4,-0.3644431306246463,-0.5308534527698291,-0.14684186208208752,3.0,-0.4,0.625,0.8108108108108109,False
movement_vs_rest,ME,erds_band,elbow_flexion,Cz,beta,elbow_flexion,rest,4,-1.5553164037791505,-0.01965163915507595,-1.1570637388335374,0.0,-1.0,0.125,0.4,False
movement_vs_rest,MI,erds_band,elbow_flexion,Cz,beta,elbow_flexion,rest,4,-0.5517887644135215,-0.5308534527698291,-0.5373383594720679,2.0,-0.6,0.375,0.6,False
movement_vs_rest,ME,erds_band,hand_close,Cz,beta,hand_close,rest,4,-1.0991308775674198,-0.01965163915507595,-0.733916645308354,0.0,-1.0,0.125,0.4,False
movement_vs_rest,MI,erds_band,hand_close,Cz,beta,hand_close,rest,4,-0.4309268407786424,-0.5308534527698291,-0.25275935449043146,4.0,-0.2,0.875,0.9333333333333333,False
movement_vs_rest,ME,erds_band,hand_open,Cz,beta,hand_open,rest,4,-1.6489769215365053,-0.01965163915507595,-0.9121012735756953,0.0,-1.0,0.125,0.4,False
movement_vs_rest,MI,erds_band,hand_open,Cz,beta,hand_open,rest,4,-0.3793109241898559,-0.5308534527698291,-0.1588632421402771,4.0,-0.2,0.875,0.9333333333333333,False
movement_vs_rest,ME,max_power,elbow_extension,C1,alpha,elbow_extension,rest,4,0.8007034657670239,1.2118466370926606,-0.41114317132563677,1.0,-0.8,0.25,0.46153846153846156,False
movement_vs_rest,MI,max_power,elbow_extension,C1,alpha,elbow_extension,rest,4,0.7809062234276636,1.1285494384639385,-0.06873642958257628,4.0,-0.2,0.875,0.9130434782608695,False
movement_vs_rest,ME,max_power,elbow_flexion,C1,alpha,elbow_flexion,rest,4,0.7330436909437201,1.2118466370926606,-0.5389088597277562,1.0,-0.8,0.25,0.46153846153846156,False
movement_vs_rest,MI,max_power,elbow_flexion,C1,alpha,elbow_flexion,rest,4,0.8214904557186182,1.1285494384639385,0.008638320017389595,4.0,0.2,0.875,0.9130434782608695,False
movement_vs_rest,ME,max_power,hand_close,C1,alpha,hand_close,rest,4,0.6788498725737426,1.2118466370926606,-0.5337029451598968,1.0,-0.8,0.25,0.46153846153846156,False
movement_vs_rest,MI,max_power,hand_close,C1,alpha,hand_close,rest,4,1.085482533934791,1.1285494384639385,-0.03236337800747141,3.0,-0.4,0.625,0.8333333333333334,False
movement_vs_rest,ME,max_power,hand_open,C1,alpha,hand_open,rest,4,0.6832341793295024,1.2118466370926606,-0.5777700657828359,1.0,-0.8,0.25,0.46153846153846156,False
movement_vs_rest,MI,max_power,hand_open,C1,alpha,hand_open,rest,4,0.9209724924187667,1.1285494384639385,-0.0038620999823004154,5.0,0.0,1.0,1.0,False
movement_vs_rest,ME,max_power,elbow_extension,C4,alpha,elbow_extension,rest,4,0.9999128782199732,1.6283072878777891,-0.6283944096578158,1.0,-0.8,0.25,0.46153846153846156,False
movement_vs_rest,MI,max_power,elbow_extension,C4,alpha,elbow_extension,rest,4,0.9660919216374226,1.2382519816798583,0.013146024608937434,5.0,0.0,1.0,1.0,False
movement_vs_rest,ME,max_power,elbow_flexion,C4,alpha,elbow_flexion,rest,4,1.0540753191547396,1.6283072878777891,-0.7310268008331804,1.0,-0.8,0.25,0.46153846153846156,False
movement_vs_rest,MI,max_power,elbow_flexion,C4,alpha,elbow_flexion,rest,4,1.0524481061565225,1.2382519816798583,0.23089535655566235,4.0,0.2,0.875,0.9130434782608695,False
movement_vs_rest,ME,max_power,hand_close,C4,alpha,hand_close,rest,4,0.8946999346888702,1.6283072878777891,-0.7826725764551891,1.0,-0.8,0.25,0.46153846153846156,False
movement_vs_rest,MI,max_power,hand_close,C4,alpha,hand_close,rest,4,1.279958878526829,1.2382519816798583,0.27182626569656476,3.0,0.4,0.625,0.8333333333333334,False
movement_vs_rest,ME,max_power,hand_open,C4,alpha,hand_open,rest,4,0.9125187952212459,1.6283072878777891,-0.8971559219732017,1.0,-0.8,0.25,0.46153846153846156,False
movement_vs_rest,MI,max_power,hand_open,C4,alpha,hand_open,rest,4,0.9489289435757526,1.2382519816798583,0.009238200889502168,4.0,0.2,0.875,0.9130434782608695,False
movement_vs_rest,ME,max_power,elbow_extension,Cz,alpha,elbow_extension,rest,4,1.348267597259007,2.0738864648108235,-0.7256188675518167,1.0,-0.8,0.25,0.46153846153846156,False
movement_vs_rest,MI,max_power,elbow_extension,Cz,alpha,elbow_extension,rest,4,1.510870963264114,1.8683899101404777,-0.13379810855601348,4.0,-0.2,0.875,0.9130434782608695,False
movement_vs_rest,ME,max_power,elbow_flexion,Cz,alpha,elbow_flexion,rest,4,1.2824416222573911,2.0738864648108235,-0.7914448425534325,1.0,-0.8,0.25,0.46153846153846156,False
movement_vs_rest,MI,max_power,elbow_flexion,Cz,alpha,elbow_flexion,rest,4,1.616021201527841,1.8683899101404777,0.025394568486239416,4.0,0.2,0.875,0.9130434782608695,False
movement_vs_rest,ME,max_power,hand_close,Cz,alpha,hand_close,rest,4,1.3205948810580665,2.0738864648108235,-0.3604997128656855,0.0,-1.0,0.125,0.46153846153846156,False
movement_vs_rest,MI,max_power,hand_close,Cz,alpha,hand_close,rest,4,1.761822790978544,1.8683899101404777,-0.05440590785721092,4.0,-0.2,0.875,0.9130434782608695,False
movement_vs_rest,ME,max_power,hand_open,Cz,alpha,hand_open,rest,4,1.19570417432147,2.0738864648108235,-0.6732922460018679,0.0,-1.0,0.125,0.46153846153846156,False
movement_vs_rest,MI,max_power,hand_open,Cz,alpha,hand_open,rest,4,1.6017300358772684,1.8683899101404777,-0.005849556125879701,4.0,-0.2,0.875,0.9130434782608695,False
movement_vs_rest,ME,max_power,elbow_extension,C1,beta,elbow_extension,rest,4,0.4458883462124233,0.7715677652639379,-0.26758312604129064,0.0,-1.0,0.125,0.46153846153846156,False
movement_vs_rest,MI,max_power,elbow_extension,C1,beta,elbow_extension,rest,4,0.4458834632426135,0.5556645096777872,-0.05781441893270592,3.0,-0.4,0.625,0.8333333333333334,False
movement_vs_rest,ME,max_power,elbow_flexion,C1,beta,elbow_flexion,rest,4,0.45344438930695125,0.7715677652639379,-0.27423988967318547,0.0,-1.0,0.125,0.46153846153846156,False
movement_vs_rest,MI,max_power,elbow_flexion,C1,beta,elbow_flexion,rest,4,0.46399955456182085,0.5556645096777872,-0.036542811834861647,2.0,-0.6,0.375,0.6206896551724138,False
movement_vs_rest,ME,max_power,hand_close,C1,beta,hand_close,rest,4,0.4646261396567892,0.7715677652639379,-0.22744395271159631,0.0,-1.0,0.125,0.46153846153846156,False
movement_vs_rest,MI,max_power,hand_close,C1,beta,hand_close,rest,4,0.4629188832442502,0.5556645096777872,-0.04033541709116778,0.0,-1.0,0.125,0.46153846153846156,False
movement_vs_rest,ME,max_power,hand_open,C1,beta,hand_open,rest,4,0.423699309542547,0.7715677652639379,-0.2259368298580354,0.0,-1.0,0.125,0.46153846153846156,False
movement_vs_rest,MI,max_power,hand_open,C1,beta,hand_open,rest,4,0.46081279513516016,0.5556645096777872,-0.0448552440630068,2.0,-0.6,0.375,0.6206896551724138,False
movement_vs_rest,ME,max_power,elbow_extension,C4,beta,elbow_extension,rest,4,0.9042152528524331,1.4266512182711022,-0.2017060530812565,0.0,-1.0,0.125,0.46153846153846156,False
movement_vs_rest,MI,max_power,elbow_extension,C4,beta,elbow_extension,rest,4,0.9636921788808059,1.0612106828423253,-0.03416717840945396,3.0,-0.4,0.625,0.8333333333333334,False
movement_vs_rest,ME,max_power,elbow_flexion,C4,beta,elbow_flexion,rest,4,0.9136245093562491,1.4266512182711022,-0.2148789887200514,1.0,-0.8,0.25,0.46153846153846156,False
movement_vs_rest,MI,max_power,elbow_flexion,C4,beta,elbow_flexion,rest,4,0.9012437801653101,1.0612106828423253,-0.07864929324501482,2.0,-0.6,0.375,0.6206896551724138,False
movement_vs_rest,ME,max_power,hand_close,C4,beta,hand_close,rest,4,0.9482645286922449,1.4266512182711022,-0.18769595360109137,0.0,-1.0,0.125,0.46153846153846156,False
movement_vs_rest,MI,max_power,hand_close,C4,beta,hand_close,rest,4,0.7979702300636593,1.0612106828423253,-0.07864716398330558,0.0,-1.0,0.125,0.46153846153846156,False
movement_vs_rest,ME,max_power,hand_open,C4,beta,hand_open,rest,4,0.844586897850989,1.4266512182711022,-0.3182395142331696,0.0,-1.0,0.125,0.46153846153846156,False
movement_vs_rest,MI,max_power,hand_open,C4,beta,hand_open,rest,4,0.8752504845362077,1.0612106828423253,-0.03932423870208995,3.0,-0.4,0.625,0.8333333333333334,False
movement_vs_rest,ME,max_power,elbow_extension,Cz,beta,elbow_extension,rest,4,0.829595686340005,0.970619345945805,-0.14095661915048913,0.0,-1.0,0.125,0.46153846153846156,False
movement_vs_rest,MI,max_power,elbow_extension,Cz,beta,elbow_extension,rest,4,0.8974003545969902,0.8932730730582294,-0.01726863197128404,4.0,-0.2,0.875,0.9130434782608695,False
movement_vs_rest,ME,max_power,elbow_flexion,Cz,beta,elbow_flexion,rest,4,0.7875436714513311,0.970619345945805,-0.13519781778911993,0.0,-1.0,0.125,0.46153846153846156,False
movement_vs_rest,MI,max_power,elbow_flexion,Cz,beta,elbow_flexion,rest,4,0.8270609665881492,0.8932730730582294,-0.07546625134234426,3.0,-0.4,0.625,0.8333333333333334,False
movement_vs_rest,ME,max_power,hand_close,Cz,beta,hand_close,rest,4,0.8236455435307782,0.970619345945805,-0.09959740714912074,1.0,-0.8,0.25,0.46153846153846156,False
movement_vs_rest,MI,max_power,hand_close,Cz,beta,hand_close,rest,4,0.922254116221449,0.8932730730582294,-0.00955317442372796,4.0,-0.2,0.875,0.9130434782608695,False
movement_vs_rest,ME,max_power,hand_open,Cz,beta,hand_open,rest,4,0.7040858706453492,0.970619345945805,-0.05543535028562564,1.0,-0.8,0.25,0.46153846153846156,False
movement_vs_rest,MI,max_power,hand_open,Cz,beta,hand_open,rest,4,0.9505755400525725,0.8932730730582294,-0.021726322287863968,3.0,-0.4,0.625,0.8333333333333334,False
movement_vs_rest,ME,median_freq,elbow_extension,C1,alpha,elbow_extension,rest,4,10.189829247801713,10.195924151361062,0.03551532102206778,3.0,0.4,0.625,1.0,False
movement_vs_rest,MI,median_freq,elbow_extension,C1,alpha,elbow_extension,rest,4,10.07961685044862,10.08032178329759,-0.0007049328489703299,5.0,0.0,1.0,1.0,False
movement_vs_rest,ME,median_freq,elbow_flexion,C1,alpha,elbow_flexion,rest,4,10.244115211974744,10.195924151361062,0.05670036858109739,1.0,0.8,0.25,1.0,False
movement_vs_rest,MI,median_freq,elbow_flexion,C1,alpha,elbow_flexion,rest,4,10.117173212294436,10.08032178329759,0.04239838358820336,3.0,0.4,0.625,1.0,False
movement_vs_rest,ME,median_freq,hand_close,C1,alpha,hand_close,rest,4,10.267985775385103,10.195924151361062,0.07206162402404015,2.0,0.6,0.375,1.0,False
movement_vs_rest,MI,median_freq,hand_close,C1,alpha,hand_close,rest,4,10.102368963480414,10.08032178329759,0.013638274031523956,5.0,0.0,1.0,1.0,False
movement_vs_rest,ME,median_freq,hand_open,C1,alpha,hand_open,rest,4,10.221270840493508,10.195924151361062,0.02708431112218168,3.0,0.4,0.625,1.0,False
movement_vs_rest,MI,median_freq,hand_open,C1,alpha,hand_open,rest,4,10.107772409923697,10.08032178329759,0.02745062662610742,4.0,0.2,0.875,1.0,False
movement_vs_rest,ME,median_freq,elbow_extension,C4,alpha,elbow_extension,rest,4,10.650415960516089,10.54388493842253,0.03871682743136784,4.0,0.2,0.875,1.0,False
movement_vs_rest,MI,median_freq,elbow_extension,C4,alpha,elbow_extension,rest,4,10.43354203816404,10.445886954399446,0.052901645020601684,3.0,0.4,0.625,1.0,False
movement_vs_rest,ME,median_freq,elbow_flexion,C4,alpha,elbow_flexion,rest,4,10.662717377158646,10.54388493842253,0.09593471702980239,3.0,0.4,0.625,1.0,False
movement_vs_rest,MI,median_freq,elbow_flexion,C4,alpha,elbow_flexion,rest,4,10.45339629390241,10.445886954399446,0.034815958359148524,1.0,0.8,0.25,1.0,False
movement_vs_rest,ME,median_freq,hand_close,C4,alpha,hand_close,rest,4,10.51972326041533,10.54388493842253,-0.024161678007200038,4.0,-0.2,0.875,1.0,False
movement_vs_rest,MI,median_freq,hand_close,C4,alpha,hand_close,rest,4,10.453714273897456,10.445886954399446,0.007827319498009189,5.0,0.0,1.0,1.0,False
movement_vs_rest,ME,median_freq,hand_open,C4,alpha,hand_open,rest,4,10.51313474238178,10.54388493842253,-0.03075019604074747,4.0,-0.2,0.875,1.0,False
movement_vs_rest,MI,median_freq,hand_open,C4,alpha,hand_open,rest,4,10.409842511925145,10.445886954399446,-0.036044442474301164,5.0,0.0,1.0,1.0,False
movement_vs_rest,ME,median_freq,elbow_extension,Cz,alpha,elbow_extension,rest,4,10.126721530317155,10.06959668087869,0.10148926136994962,2.0,0.6,0.375,1.0,False
movement_vs_rest,MI,median_freq,elbow_extension,Cz,alpha,elbow_extension,rest,4,9.998690516727256,9.949005731682634,0.017469581608631657,4.0,0.2,0.875,1.0,False
movement_vs_rest,ME,median_freq,elbow_flexion,Cz,alpha,elbow_flexion,rest,4,10.078141797825044,10.06959668087869,0.1148204168964666,4.0,0.2,0.875,1.0,False
movement_vs_rest,MI,median_freq,elbow_flexion,Cz,alpha,elbow_flexion,rest,4,9.950329976671089,9.949005731682634,-0.03028593833445381,4.0,-0.2,0.875,1.0,False
movement_vs_rest,ME,median_freq,hand_close,Cz,alpha,hand_close,rest,4,10.087101701384057,10.06959668087869,0.02041852529447663,3.0,0.4,0.625,1.0,False
movement_vs_rest,MI,median_freq,hand_close,Cz,alpha,hand_close,rest,4,9.945329152884717,9.949005731682634,-0.0036765787979176068,3.0,-0.4,0.625,1.0,False
movement_vs_rest,ME,median_freq,hand_open,Cz,alpha,hand_open,rest,4,10.11760703629379,10.06959668087869,0.048010355415102346,3.0,0.4,0.625,1.0,False
movement_vs_rest,MI,median_freq,hand_open,Cz,alpha,hand_open,rest,4,10.0171711687575,9.949005731682634,0.07012870009579864,0.0,1.0,0.125,1.0,False
movement_vs_rest,ME,median_freq,elbow_extension,C1,beta,elbow_extension,rest,4,20.402529278954134,20.442832991055433,-0.04030371210129857,3.0,-0.4,0.625,1.0,False
movement_vs_rest,MI,median_freq,elbow_extension,C1,beta,elbow_extension,rest,4,20.520728358111462,20.365514707917356,0.11694231768173857,4.0,0.2,0.875,1.0,False
movement_vs_rest,ME,median_freq,elbow_flexion,C1,beta,elbow_flexion,rest,4,20.42388036183161,20.442832991055433,0.014151785187246801,5.0,0.0,1.0,1.0,False
movement_vs_rest,MI,median_freq,elbow_flexion,C1,beta,elbow_flexion,rest,4,20.469006460075686,20.365514707917356,-0.2157733393014123,2.0,-0.6,0.375,1.0,False
movement_vs_rest,ME,median_freq,hand_close,C1,beta,hand_close,rest,4,20.259079126442664,20.442832991055433,-0.10575298386344834,3.0,-0.4,0.625,1.0,False
movement_vs_rest,MI,median_freq,hand_close,C1,beta,hand_close,rest,4,20.285857647359194,20.365514707917356,-0.22990971873581145,0.0,-1.0,0.125,1.0,False
movement_vs_rest,ME,median_freq,hand_open,C1,beta,hand_open,rest,4,20.41044509756528,20.442832991055433,0.038345681132879506,4.0,0.2,0.875,1.0,False
movement_vs_rest,MI,median_freq,hand_open,C1,beta,hand_open,rest,4,20.54368276003484,20.365514707917356,-0.007207842918262486,4.0,-0.2,0.875,1.0,False
movement_vs_rest,ME,median_freq,elbow_extension,C4,beta,elbow_extension,rest,4,19.91304167183913,19.821798080622585,0.14931234249664804,2.0,0.6,0.375,1.0,False
movement_vs_rest,MI,median_freq,elbow_extension,C4,beta,elbow_extension,rest,4,20.392891426346573,19.821060747036697,0.2945391339290122,1.0,0.8,0.25,1.0,False
movement_vs_rest,ME,median_freq,elbow_flexion,C4,beta,elbow_flexion,rest,4,20.20745060888387,19.821798080622585,0.019539059391224356,3.0,0.4,0.625,1.0,False
movement_vs_rest,MI,median_freq,elbow_flexion,C4,beta,elbow_flexion,rest,4,20.199201668841575,19.821060747036697,0.018327740357191757,3.0,0.4,0.625,1.0,False
movement_vs_rest,ME,median_freq,hand_close,C4,beta,hand_close,rest,4,19.883788834408286,19.821798080622585,0.0655397147371719,4.0,0.2,0.875,1.0,False
movement_vs_rest,MI,median_freq,hand_close,C4,beta,hand_close,rest,4,20.14997524313478,19.821060747036697,0.1065531975217251,2.0,0.6,0.375,1.0,False
movement_vs_rest,ME,median_freq,hand_open,C4,beta,hand_open,rest,4,19.883034845283305,19.821798080622585,0.08251691711085485,3.0,0.4,0.625,1.0,False
movement_vs_rest,MI,median_freq,hand_open,C4,beta,hand_open,rest,4,20.137610961164576,19.821060747036697,0.18024882173355117,4.0,0.2,0.875,1.0,False
movement_vs_rest,ME,median_freq,elbow_extension,Cz,beta,elbow_extension,rest,4,20.507062443232112,20.48622383752636,-0.06228833412780688,4.0,-0.2,0.875,1.0,False
movement_vs_rest,MI,median_freq,elbow_extension,Cz,beta,elbow_extension,rest,4,20.343621458282367,20.21635463505622,0.2081182219946598,4.0,0.2,0.875,1.0,False
movement_vs_rest,ME,median_freq,elbow_flexion,Cz,beta,elbow_flexion,rest,4,20.47835380413762,20.48622383752636,-0.029365051884111537,5.0,0.0,1.0,1.0,False
movement_vs_rest,MI,median_freq,elbow_flexion,Cz,beta,elbow_flexion,rest,4,20.25835802757274,20.21635463505622,0.042003392516519966,3.0,0.4,0.625,1.0,False
movement_vs_rest,ME,median_freq,hand_close,Cz,beta,hand_close,rest,4,20.434107654066175,20.48622383752636,-0.11537070984040909,3.0,-0.4,0.625,1.0,False
movement_vs_rest,MI,median_freq,hand_close,Cz,beta,hand_close,rest,4,20.01587682653469,20.21635463505622,-0.11962640975301753,2.0,-0.6,0.375,1.0,False
movement_vs_rest,ME,median_freq,hand_open,Cz,beta,hand_open,rest,4,20.601726488467754,20.48622383752636,0.11550265094139789,4.0,0.2,0.875,1.0,False
movement_vs_rest,MI,median_freq,hand_open,Cz,beta,hand_open,rest,4,20.329527471403054,20.21635463505622,0.14444053928446898,4.0,0.2,0.875,1.0,False
movement_vs_rest_pooled,ME,auc,movement,C1,alpha,movement,rest,4,1.6526066572063636,2.456384783294778,-0.8183810322184072,1.0,-0.8,0.25,0.5,False
movement_vs_rest_pooled,MI,auc,movement,C1,alpha,movement,rest,4,1.9678960474226954,2.1245047081225166,0.036072221222005374,4.0,0.2,0.875,0.875,False
movement_vs_rest_pooled,ME,auc,movement,C4,alpha,movement,rest,4,2.2094681307426027,3.336402705247057,-1.2933057774274308,1.0,-0.8,0.25,0.5,False
movement_vs_rest_pooled,MI,auc,movement,C4,alpha,movement,rest,4,2.4972331765344746,2.535165429919121,0.2811492673049787,3.0,0.4,0.625,0.8333333333333334,False
movement_vs_rest_pooled,ME,auc,movement,Cz,alpha,movement,rest,4,2.8833574775105006,4.194623849158666,-1.3112663716481654,0.0,-1.0,0.125,0.5,False
movement_vs_rest_pooled,MI,auc,movement,Cz,alpha,movement,rest,4,3.473202731822163,3.8897129504991916,-0.15492518192636018,4.0,-0.2,0.875,0.875,False
movement_vs_rest_pooled,ME,auc,movement,C1,beta,movement,rest,4,3.0205658750544373,4.812228333226836,-1.3898130657432965,0.0,-1.0,0.125,0.5,False
movement_vs_rest_pooled,MI,auc,movement,C1,beta,movement,rest,4,3.284870251908807,3.8809153518595205,-0.23901464208339962,2.0,-0.6,0.375,0.5625,False
movement_vs_rest_pooled,ME,auc,movement,C4,beta,movement,rest,4,4.7783062681170945,6.269745063802366,-1.4914387956852715,1.0,-0.8,0.25,0.5,False
movement_vs_rest_pooled,MI,auc,movement,C4,beta,movement,rest,4,4.90328500912751,5.380390937879593,-0.24626022536587988,4.0,-0.2,0.875,0.875,False
movement_vs_rest_pooled,ME,auc,movement,Cz,beta,movement,rest,4,4.90115304321018,6.337943939088736,-0.9928045364534168,0.0,-1.0,0.125,0.5,False
movement_vs_rest_pooled,MI,auc,movement,Cz,beta,movement,rest,4,5.7625971822446065,5.889022331046983,-0.3944595362822867,2.0,-0.6,0.375,0.5625,False
movement_vs_rest_pooled,ME,erds_band,movement,C1,alpha,movement,rest,4,-0.9895822128726357,-0.4157041872563252,-1.6307650040553563,1.0,-0.8,0.25,0.5,False
movement_vs_rest_pooled,MI,erds_band,movement,C1,alpha,movement,rest,4,-0.37189551888510997,-0.27227025655533854,-0.05018222479898127,3.0,-0.4,0.625,0.75,False
movement_vs_rest_pooled,ME,erds_band,movement,C4,alpha,movement,rest,4,-1.0759963373464478,0.21219695137543787,-1.8704985503928784,1.0,-0.8,0.25,0.5,False
movement_vs_rest_pooled,MI,erds_band,movement,C4,alpha,movement,rest,4,-0.3628814314777781,-0.5151938293006595,0.1324031738243588,4.0,0.2,0.875,0.875,False
movement_vs_rest_pooled,ME,erds_band,movement,Cz,alpha,movement,rest,4,-1.1605501200198702,0.14128535518050583,-1.278836133249694,0.0,-1.0,0.125,0.375,False
movement_vs_rest_pooled,MI,erds_band,movement,Cz,alpha,movement,rest,4,-0.7308959777079658,-0.687792520395636,-0.14612689973908025,3.0,-0.4,0.625,0.75,False
movement_vs_rest_pooled,ME,erds_band,movement,C1,beta,movement,rest,4,-2.2490528526813907,-0.5095928884362326,-1.6046681035175268,0.0,-1.0,0.125,0.375,False
movement_vs_rest_pooled,MI,erds_band,movement,C1,beta,movement,rest,4,-0.7654543476210137,-0.6810492980985217,-0.523441669143186,2.0,-0.6,0.375,0.6428571428571429,False
movement_vs_rest_pooled,ME,erds_band,movement,C4,beta,movement,rest,4,-1.0309361092997946,-0.2733807269585464,-1.0300843533017172,0.0,-1.0,0.125,0.375,False
movement_vs_rest_pooled,MI,erds_band,movement,C4,beta,movement,rest,4,-0.30037096626281107,-0.4130339175292071,-0.4272633727377476,4.0,-0.2,0.875,0.875,False
movement_vs_rest_pooled,ME,erds_band,movement,Cz,beta,movement,rest,4,-1.3508385384655832,-0.01965163915507595,-0.9691755841918089,0.0,-1.0,0.125,0.375,False
movement_vs_rest_pooled,MI,erds_band,movement,Cz,beta,movement,rest,4,-0.43161741500166656,-0.5308534527698291,-0.2839005035154637,3.0,-0.4,0.625,0.75,False
movement_vs_rest_pooled,ME,max_power,movement,C1,alpha,movement,rest,4,0.7168631039391008,1.2118466370926606,-0.5153812604990314,1.0,-0.8,0.25,0.5,False
movement_vs_rest_pooled,MI,max_power,movement,C1,alpha,movement,rest,4,0.9022129263749599,1.1285494384639385,-0.02177309942755129,5.0,0.0,1.0,1.0,False
movement_vs_rest_pooled,ME,max_power,movement,C4,alpha,movement,rest,4,0.9645274188747925,1.6283072878777891,-0.7598124272298469,1.0,-0.8,0.25,0.5,False
movement_vs_rest_pooled,MI,max_power,movement,C4,alpha,movement,rest,4,1.044195646368962,1.2382519816798583,0.13141183877901164,3.0,0.4,0.625,0.75,False
movement_vs_rest_pooled,ME,max_power,movement,Cz,alpha,movement,rest,4,1.2867520687239835,2.0738864648108235,-0.7519940912182524,0.0,-1.0,0.125,0.375,False
movement_vs_rest_pooled,MI,max_power,movement,Cz,alpha,movement,rest,4,1.6226112479119417,1.8683899101404777,-0.0495789615423399,4.0,-0.2,0.875,0.9545454545454546,False
movement_vs_rest_pooled,ME,max_power,movement,C1,beta,movement,rest,4,0.4469145461796777,0.7715677652639379,-0.24880094957102689,0.0,-1.0,0.125,0.375,False
movement_vs_rest_pooled,MI,max_power,movement,C1,beta,movement,rest,4,0.45840367404596116,0.5556645096777872,-0.051627259073965245,2.0,-0.6,0.375,0.6428571428571429,False
movement_vs_rest_pooled,ME,max_power,movement,C4,beta,movement,rest,4,0.902672797187979,1.4266512182711022,-0.23063012740889227,0.0,-1.0,0.125,0.375,False
movement_vs_rest_pooled,MI,max_power,movement,C4,beta,movement,rest,4,0.8845391684114957,1.0612106828423253,-0.057696968584966105,3.0,-0.4,0.625,0.75,False
movement_vs_rest_pooled,ME,max_power,movement,Cz,beta,movement,rest,4,0.7862176929918658,0.970619345945805,-0.10471567791306591,0.0,-1.0,0.125,0.375,False
movement_vs_rest_pooled,MI,max_power,movement,Cz,beta,movement,rest,4,0.8993227443647902,0.8932730730582294,-0.04202441171350076,3.0,-0.4,0.625,0.75,False
movement_vs_rest_pooled,ME,median_freq,movement,C1,alpha,movement,rest,4,10.232927595905622,10.195924151361062,0.03700344454455884,2.0,0.6,0.375,1.0,False
movement_vs_rest_pooled,MI,median_freq,movement,C1,alpha,movement,rest,4,10.10173285903679,10.08032178329759,0.021411075739201202,5.0,0.0,1.0,1.0,False
movement_vs_rest_pooled,ME,median_freq,movement,C4,alpha,movement,rest,4,10.58649783511796,10.54388493842253,0.04261289669543178,5.0,0.0,1.0,1.0,False
movement_vs_rest_pooled,MI,median_freq,movement,C4,alpha,movement,rest,4,10.437623779472261,10.445886954399446,-0.008263174927184203,5.0,0.0,1.0,1.0,False
movement_vs_rest_pooled,ME,median_freq,movement,Cz,alpha,movement,rest,4,10.126079230548543,10.06959668087869,0.0724910164677226,2.0,0.6,0.375,1.0,False
movement_vs_rest_pooled,MI,median_freq,movement,Cz,alpha,movement,rest,4,9.97788020376014,9.949005731682634,0.012968743094017299,4.0,0.2,0.875,1.0,False
movement_vs_rest_pooled,ME,median_freq,movement,C1,beta,movement,rest,4,20.42005075469553,20.442832991055433,0.007824576165241126,4.0,0.2,0.875,1.0,False
movement_vs_rest_pooled,MI,median_freq,movement,C1,beta,movement,rest,4,20.445250973267203,20.365514707917356,-0.06577820705615522,3.0,-0.4,0.625,1.0,False
movement_vs_rest_pooled,ME,median_freq,movement,C4,beta,movement,rest,4,19.918626770023458,19.821798080622585,0.0943261062779559,2.0,0.6,0.375,1.0,False
movement_vs_rest_pooled,MI,median_freq,movement,C4,beta,movement,rest,4,20.219919824871873,19.821060747036697,0.14980621275469197,2.0,0.6,0.375,1.0,False
movement_vs_rest_pooled,ME,median_freq,movement,Cz,beta,movement,rest,4,20.556311412562867,20.48622383752636,-0.013039364797052144,5.0,0.0,1.0,1.0,False
movement_vs_rest_pooled,MI,median_freq,movement,Cz,beta,movement,rest,4,20.21279193401591,20.21635463505622,0.07728869772820168,5.0,0.0,1.0,1.0,False
